id,player_id,games,pos,points,rebounds,assists,steals,blocks,turnovers,fg_percentage,three_point_percentage,free_throw_percentage,updated_at,minutes,case_name
44,66,1515,3,27.1,7.5,7.4,1.5,0.7,3.5,0.506,0.348,0.736,"2024-12-08 21:03:02",NULL,"LeBron James"
45,67,1346,2,25,5.2,4.7,1.4,0.5,3,0.447,0.329,0.837,"2024-12-08 21:03:02",NULL,"Kobe Bryant"
46,68,1072,2,30.1,6.2,5.3,2.3,0.8,2.7,0.497,0.327,0.835,"2024-12-07 22:07:56",NULL,"Michael Jordan"
48,69,1207,5,23.7,10.9,2.5,0.6,2.3,2.7,0.582,0.045,0.527,"2024-12-08 21:03:02",NULL,"Shaquille O'Neal"
49,72,861,1,25.1,4.2,6.7,1,0.3,2.8,0.438,0.371,0.898,"2024-12-07 22:07:56",NULL,"Damian Lillard"
51,83,507,1,10,4,5.8,1.2,0.3,2.2,0.448,0.287,0.623,"2024-12-08 19:33:12",NULL,"Elfrid Payton"
52,84,1343,3,19.7,5.6,3.5,1.3,0.6,2.6,0.445,0.368,0.806,"2024-12-08 02:18:37",NULL,"Paul Pierce"
53,85,762,2,10.8,2.9,1.8,0.4,0.2,1.1,0.45,0.386,0.825,"2024-12-08 19:33:12",NULL,"Arron Afflalo"
54,86,1123,1,13.9,2.2,3.4,0.8,0.2,1.7,0.419,0.351,0.842,"2024-12-08 19:33:12",NULL,"Lou Williams"
55,87,559,3,18.8,5.3,2.5,1,0.4,2.1,0.479,0.363,0.722,"2024-12-08 19:33:12",NULL,"Jaylen Brown"
56,88,536,3,23.3,7.2,3.6,1.1,0.7,2.3,0.46,0.375,0.841,"2024-12-08 19:33:12",NULL,"Jayson Tatum"
57,89,437,5,27.8,11.1,3.6,0.9,1.7,3.4,0.503,0.339,0.827,"2024-12-08 19:33:12",NULL,"Joel Embiid"
58,90,1226,5,17,9.2,3.2,0.5,1.6,2.2,0.507,0.368,0.753,"2024-12-08 21:03:02",NULL,"Pau Gasol"
59,91,891,5,14,7.4,3.4,0.9,1.4,2,0.481,0.36,0.776,"2024-12-08 19:33:12",NULL,"Marc Gasol"
60,92,1064,5,8.7,9.9,0.9,0.5,1.5,1.3,0.674,0.154,0.475,"2024-12-08 19:33:12",NULL,"DeAndre Jordan"
61,93,1129,2,21.3,4.4,4.1,1,0.3,2,0.469,0.296,0.841,"2024-12-08 19:33:12",NULL,"DeMar DeRozan"
62,94,654,5,19.6,10.2,3,1.3,1.1,3.3,0.46,0.331,0.737,"2024-12-08 19:33:12",NULL,"DeMarcus Cousins"
63,95,919,4,12,7.1,0.8,0.4,1.9,1.3,0.513,0.359,0.757,"2024-12-08 19:57:38",NULL,"Serge Ibaka"
64,96,1238,5,21.8,11.1,2.5,1.7,3.1,3,0.512,0.202,0.712,"2024-12-08 21:01:51",NULL,"Hakeem Olajuwon"
65,97,1231,3,11.3,4.9,4.2,1.4,0.5,1.8,0.463,0.33,0.709,"2024-12-08 21:01:51",NULL,"Andre Iguodala"
66,98,224,5,2.2,2.7,0.1,0.3,0.8,0.5,0.567,-1,0.578,"2024-12-08 21:03:02",NULL,"Hasheem Thabeet"
67,99,567,5,7.2,4.9,1.5,0.5,1,1.7,0.462,0,0.76,"2024-12-08 21:01:51",NULL,"Luc Longley"
68,100,271,1,22.5,4.8,7.5,1,0.3,3.3,0.471,0.317,0.76,"2024-12-08 21:01:51",NULL,"Ja Morant"
69,101,190,4,24.6,6.6,4.2,1,0.6,2.8,0.587,0.341,0.694,"2024-12-08 21:01:51",NULL,"Zion Williamson"
70,102,1295,1,17.4,4.5,9.3,2,0.2,2.3,0.471,0.369,0.871,"2024-12-08 21:01:51",NULL,"Chris Paul"
71,103,971,4,17.9,7.3,1.7,0.4,1.7,1.9,0.554,0.261,0.798,"2024-12-08 21:01:51",NULL,"Kevin McHale"
72,104,1178,3,16.1,6.4,5.2,2,0.8,2.8,0.473,0.326,0.704,"2024-12-08 21:01:51",NULL,"Scottie Pippen"
73,105,430,1,25.3,3.6,9.7,1,0.2,4.2,0.434,0.352,0.874,"2024-12-08 21:01:51",NULL,"Trae Young"
74,78,1018,2,16.1,2.2,4.5,0.9,0.1,2,0.46,0.382,0.843,"2024-12-08 21:03:02",NULL,"Joe Dumars"
75,106,1058,4,15.9,8.5,2.1,0.9,1.7,1.9,0.5,0.095,0.736,"2024-12-08 21:03:02",NULL,"Elton Brand"
76,107,1303,4,21,12.5,1.8,1,2,2.4,0.452,0.147,0.67,"2024-12-08 21:03:02",NULL,"Elvin Hayes"
77,108,984,5,10.8,14,3.9,1.1,0.6,1.9,0.509,0.5,0.633,"2024-12-08 21:03:02",NULL,"Wes Unseld"
78,109,590,5,8.5,5.5,0.7,0.2,0.3,-1,0.434,-1,0.63,"2024-12-08 21:03:02",NULL,"Walt Wesley"
79,110,659,1,11.6,1.8,8.1,1.4,0.1,3.5,0.483,0.188,0.737,"2024-12-08 21:03:02",NULL,"Kevin Porter"
80,111,1424,4,12.1,8.4,0.9,0.7,0.5,1.8,0.487,0.211,0.713,"2024-12-08 21:03:02",NULL,"Kevin Willis"
81,112,522,3,9.3,4.7,1.7,0.6,0.1,-1,0.438,-1,0.732,"2024-12-08 21:03:02",NULL,"Dave Stallworth"
82,113,875,4,16.1,11,2.9,0.9,0.5,-1,0.432,-1,0.699,"2024-12-08 21:03:02",NULL,"Dave DeBusschere"
83,114,829,4,17,15.6,3.3,0.4,0.3,-1,0.499,-1,0.783,"2024-12-08 21:03:02",NULL,"Jerry Lucas"
84,115,44,1,2.4,0.6,2,0.4,0,1,0.404,0,0.81,"2024-12-08 21:03:02",NULL,"Billy Donovan"
85,116,1030,4,10.9,6.4,1,0.6,0.8,1.3,0.455,0.238,0.79,"2024-12-08 21:03:02",NULL,"Joe Smith"
86,117,819,3,8.7,2.8,1.5,1.2,0.3,1.2,0.425,0.284,0.713,"2024-12-08 21:03:02",NULL,"Corey Brewer"
87,118,730,4,6.1,3.3,0.9,0.4,0.3,0.6,0.414,0.373,0.771,"2024-12-08 21:03:02",NULL,"Anthony Tolliver"
88,119,480,1,11.6,2.8,4.3,1.1,0.4,2.3,0.433,0.342,0.809,"2024-12-08 21:03:02",NULL,"Jeremy Lin"
89,120,1096,5,13.1,7.9,3.2,0.8,1.2,1.4,0.512,0.38,0.761,"2024-12-08 21:03:02",NULL,"Al Horford"
90,73,963,5,15.1,22.5,4.3,-1,-1,-1,0.44,-1,0.561,"2024-12-08 21:03:02",NULL,"Bill Russell"
91,74,1074,3,27.2,7,4.4,1.1,1.1,3.2,0.501,0.388,0.883,"2024-12-08 21:03:02",NULL,"Kevin Durant"
92,75,202,1,21,6.2,7.4,1.5,0.3,3.4,0.427,0.371,0.836,"2024-12-08 21:03:02",NULL,"LaMelo Ball"
93,76,6,2,0.7,0.2,0.3,0.2,0,0,0.167,0,1,"2024-12-08 21:03:02",NULL,"Bronny James"
94,77,1270,3,20.8,6.3,4.8,1.2,0.3,2.5,0.439,-1,0.815,"2024-12-08 21:03:02",NULL,"John Havlicek"
95,79,556,1,17.5,2.4,4.8,0.8,0.1,2.2,0.434,0.363,0.872,"2024-12-08 21:03:02",NULL,"Isaiah Thomas"
96,80,1,1,0,0,0,0,0,0,-1,-1,-1,"2024-12-08 21:03:02",NULL,"JamesOn Curry"
97,81,1560,5,24.6,11.2,3.6,0.9,2.6,2.7,0.559,0.056,0.721,"2024-12-08 21:03:02",NULL,"Kareem Abdul-Jabbar"
99,121,1118,3,10.4,4.8,2.1,1.5,0.3,1.3,0.422,0.351,0.731,"2024-12-09 02:38:31",NULL,"Trevor Ariza"
100,122,1054,2,22,4.7,5.4,1.5,0.8,3.2,0.48,0.293,0.765,"2024-12-09 02:38:31",NULL,"Dwyane Wade"
101,123,914,2,26.7,3.7,6.2,2.2,0.2,3.6,0.425,0.313,0.78,"2024-12-09 02:38:31",NULL,"Allen Iverson"
102,124,906,1,19.5,7.2,11.2,1.9,0.4,3.9,0.52,0.303,0.848,"2024-12-09 02:38:31",NULL,"Magic Johnson"
103,125,89,5,21.9,10.6,3.8,1.2,3.5,3.7,0.467,0.329,0.805,"2024-12-09 02:38:31",NULL,"Victor Wembanyama"
104,126,1391,1,12.6,6.3,8.7,1.9,0.3,2.9,0.4,0.349,0.785,"2024-12-09 02:38:31",NULL,"Jason Kidd"
105,127,970,2,16.9,3.2,3.3,0.9,0.5,2.7,0.409,0.309,0.822,"2024-12-09 02:38:31",NULL,"Jerry Stackhouse"
106,128,1088,5,5.7,9.6,1.3,1.3,2,1,0.474,0.137,0.414,"2024-12-09 02:38:31",NULL,"Ben Wallace"
107,129,957,1,9.8,4.5,7.9,1.6,0.1,2.7,0.456,0.324,0.611,"2024-12-09 02:38:31",NULL,"Rajon Rondo"
108,130,1096,1,24.1,5.6,7.1,1.5,0.6,3.7,0.44,0.363,0.861,"2024-12-10 23:48:31",NULL,"James Harden"
109,131,867,5,14.8,6.1,1.4,0.4,1.3,1.8,0.507,0.115,0.773,"2024-12-11 00:08:56",NULL,"Rik Smits"
110,132,825,1,18.9,5.9,6.1,1.9,0.2,2.1,0.49,0,0.786,"2024-12-11 00:32:08",NULL,"Walt Frazier"
111,133,1184,1,21.5,7.1,8.1,1.6,0.3,3.9,0.438,0.305,0.774,"2024-12-11 00:32:08",NULL,"Russell Westbrook"
112,134,1300,2,18.9,4.1,3.4,1.1,0.2,2.1,0.452,0.4,0.894,"2024-12-11 00:55:15",NULL,"Ray Allen"
113,135,1217,1,14.3,3,8.5,0.7,0.1,2.9,0.49,0.428,0.904,"2024-12-11 01:16:06",NULL,"Steve Nash"
114,136,1392,5,19,10.8,3,0.7,2.2,2.4,0.506,0.179,0.696,"2024-12-11 01:17:24",NULL,"Tim Duncan"
115,137,621,2,24.3,4,5.1,0.9,0.3,3,0.463,0.356,0.872,"2024-12-11 01:22:15",NULL,"Devin Booker"
116,138,879,3,20.7,6.3,3.7,1.7,0.4,2.7,0.44,0.384,0.853,"2024-12-11 01:22:15",NULL,"Paul George"
117,139,375,5,16.6,10.5,1.6,0.7,0.9,1.7,0.591,0.248,0.758,"2024-12-11 01:22:15",NULL,"Deandre Ayton"
118,140,1476,4,25,10.1,3.6,1.4,0.8,3.1,0.516,0.274,0.742,"2024-12-11 01:25:43",NULL,"Karl Malone"
119,141,979,1,19.2,3.6,9.3,1.9,0.3,3.8,0.452,0.29,0.759,"2024-12-11 01:27:50",NULL,"Isiah Thomas"
120,142,932,1,27,5.8,6.7,2.6,0.7,-1,0.474,-1,0.814,"2024-12-11 01:32:14",NULL,"Jerry West"
121,143,350,1,13.9,7.7,7.4,1.6,0.7,3.1,0.561,0.139,0.589,"2024-12-11 02:26:21",NULL,"Ben Simmons"
122,144,897,3,24.3,10,6.3,1.7,0.8,3.1,0.496,0.376,0.886,"2024-12-11 02:29:06",NULL,"Larry Bird"
123,145,813,4,23.6,9.8,4.9,1.1,1.2,3,0.547,0.285,0.699,"2024-12-11 02:29:06",NULL,"Giannis Antetokounmpo"
124,146,418,1,28.7,8.7,8.3,1.2,0.5,4,0.469,0.347,0.748,"2024-12-11 02:29:06",NULL,"Luka Dončić"
125,147,694,5,21.3,10.8,7,1.2,0.7,2.9,0.558,0.356,0.826,"2024-12-11 02:29:06",NULL,"Nikola Jokić"
126,148,719,3,15.6,3.6,1.7,0.6,0.1,1.7,0.46,0.394,0.859,"2024-12-13 04:55:17",NULL,"Bojan Bogdanović"
127,149,790,1,14.2,2.9,4.9,0.8,0.1,2.3,0.435,0.344,0.838,"2024-12-15 20:56:40",NULL,"Dennis Schröder"
128,150,720,5,9.1,8.1,1.5,0.9,0.9,1.5,0.587,0.067,0.534,"2024-12-15 20:56:40",NULL,"Steven Adams"
129,151,512,5,15.4,8.8,3.6,1.1,0.9,2.1,0.541,0.265,0.754,"2024-12-15 20:56:40",NULL,"Bam Adebayo"
130,152,196,4,9.4,5.1,1.7,0.6,0.6,0.9,0.461,0.342,0.699,"2024-12-15 20:56:40",NULL,"Santi Aldama"
131,153,9,2,1,0.1,0.2,0,0.1,0.1,0.25,0.167,1,"2024-12-15 20:56:40",NULL,"Trey Alexander"
132,154,359,2,10.6,3,2,0.7,0.3,1,0.45,0.41,0.862,"2024-12-15 20:56:40",NULL,"Grayson Allen"
133,155,512,5,12.8,9.2,1.6,0.6,1.3,1.4,0.633,0.17,0.712,"2024-12-15 20:56:40",NULL,"Jarrett Allen"
134,156,182,1,7.7,2.2,2.8,1.2,0.2,1,0.418,0.348,0.743,"2024-12-15 20:56:40",NULL,"Jose Alvarado"
135,157,676,3,6.8,4.3,2.8,1,0.6,1,0.477,0.336,0.713,"2024-12-15 20:56:40",NULL,"Kyle Anderson"
136,158,443,3,12.3,4.3,1.6,1.3,0.6,1.3,0.474,0.375,0.75,"2024-12-15 20:56:40",NULL,"OG Anunoby"
137,159,312,3,10,6,2.6,0.8,0.5,1.5,0.454,0.329,0.744,"2024-12-15 20:56:40",NULL,"Deni Avdija"
138,160,275,5,12.5,6.7,0.9,0.5,0.6,1.2,0.519,0.294,0.692,"2024-12-15 20:56:40",NULL,"Marvin Bagley III"
139,161,80,3,3.9,2.2,0.5,0.3,0.3,0.4,0.392,0.354,0.658,"2024-12-15 20:56:40",NULL,"Patrick Baldwin Jr."
140,162,225,4,16.9,7.5,4.9,1.1,1,2.2,0.473,0.311,0.761,"2024-12-15 20:56:40",NULL,"Scottie Barnes"
141,163,277,5,9.3,5.4,1,0.3,0.7,0.7,0.593,0.355,0.773,"2024-12-15 20:56:40",NULL,"Thomas Bryant"
142,164,730,2,16,3.4,2.9,0.8,0.1,1.9,0.437,0.334,0.831,"2024-12-15 20:56:40",NULL,"Jordan Clarkson"
143,165,808,3,9.3,4.2,1.6,1,0.3,0.8,0.418,0.347,0.777,"2024-12-15 20:56:40",NULL,"Jae Crowder"
144,166,506,2,10.2,2.1,1.9,0.7,0.1,1,0.471,0.431,0.863,"2024-12-15 20:56:40",NULL,"Seth Curry"
145,167,835,4,8.7,7,5.6,1.3,1,2.3,0.451,0.322,0.71,"2024-12-15 20:56:40",NULL,"Draymond Green"
146,168,975,1,24.7,4.7,6.4,1.5,0.3,3.1,0.472,0.425,0.91,"2024-12-15 20:56:40",NULL,"Stephen Curry"
147,169,1121,1,14.3,3,5.7,1.4,0.2,1.9,0.438,0.387,0.824,"2024-12-15 20:56:40",NULL,"Mike Conley"
148,170,160,1,20.5,5.4,6.9,1,0.6,3.7,0.435,0.337,0.846,"2024-12-15 20:56:40",NULL,"Cade Cunningham"
149,171,13,2,1.4,0.5,0.3,0.2,0,0,0.222,0.24,-1,"2024-12-15 20:56:40",NULL,"Adam Flagler"
150,172,80,1,13.4,3.1,5.4,0.8,0.2,3.3,0.39,0.318,0.811,"2024-12-15 20:56:40",NULL,"Scoot Henderson"
151,173,157,4,21.6,7,4.6,0.9,0.6,2.9,0.444,0.322,0.727,"2024-12-15 20:56:40",NULL,"Paolo Banchero"
152,174,495,1,21.5,3.9,6.1,1.4,0.4,2.8,0.472,0.333,0.74,"2024-12-15 20:56:40",NULL,"De'Aaron Fox"
154,176,596,5,23,11,3.2,0.8,1.3,2.7,0.524,0.4,0.839,"2024-12-15 20:56:40",NULL,"Karl-Anthony Towns"
155,177,818,1,13.2,2.8,4.9,0.9,0.1,2.3,0.434,0.378,0.871,"2024-12-15 20:56:40",NULL,"Mo Williams"
156,178,1243,3,24.2,8.5,4.2,2,1.7,3.4,0.506,0.298,0.777,"2024-12-15 21:08:13",NULL,"Julius Erving"
157,179,447,1,17.3,3.2,4.9,0.7,0.1,1.7,0.489,0.394,0.824,"2024-12-15 21:08:13",NULL,"Jalen Brunson"
158,180,946,1,13.3,3,4.7,0.9,0.2,2.2,0.459,0.362,0.766,"2024-12-15 21:08:13",NULL,"Goran Dragić"
159,181,893,5,19.2,8.5,2,0.8,1,2,0.494,0.335,0.799,"2024-12-15 21:08:13",NULL,"Chris Bosh"
160,182,889,1,7.7,2.6,7.6,1.5,0,1.6,0.458,0.278,0.827,"2024-12-15 21:08:13",NULL,"Muggsy Bogues"
161,183,1083,4,18.5,7.5,1.6,1,0.4,1.6,0.451,0.346,0.724,"2024-12-15 21:08:13",NULL,"Antawn Jamison"
162,184,97,4,4.1,2.4,0.8,0.3,0.2,0.6,0.464,0.357,0.648,"2024-12-15 21:08:13",NULL,"Guerschon Yabusele"
163,185,343,2,6.7,2,1.5,0.4,0.2,1,0.389,0.354,0.812,"2024-12-15 21:08:13",NULL,"Nik Stauskas"
164,186,576,2,12.7,2.6,1.5,0.8,0.3,1.2,0.47,0.399,0.828,"2024-12-15 21:08:13",NULL,"Norman Powell"
165,187,987,5,7.4,7.1,0.8,0.3,1.4,1.5,0.498,0.125,0.626,"2024-12-15 21:08:13",NULL,"Erick Dampier"
166,188,385,3,14.3,3.9,1.2,0.9,0.5,0.9,0.505,0.351,0.78,"2024-12-15 21:08:13",NULL,"T.J. Warren"
167,189,228,4,10.1,3.8,2.4,1.5,0.7,1.3,0.482,0.369,0.819,"2024-12-15 21:08:13",NULL,"Herbert Jones"
168,192,577,4,17.8,6.6,3.6,0.9,0.6,1.8,0.497,0.336,0.767,"2024-12-15 23:30:24",31.2,"Pascal Siakam"
169,193,987,5,21.1,10.6,2.5,1.4,3,2.4,0.518,0.25,0.736,"2024-12-15 23:40:44",34.7,"David Robinson"
170,194,1045,5,30.1,22.9,4.4,-1,-1,-1,0.54,-1,0.511,"2024-12-15 23:40:44",45.8,"Wilt Chamberlain"
171,195,257,1,4,1.8,1.9,0.5,0,0.5,0.421,0.369,0.807,"2024-12-16 00:36:43",15.3,"Ryan Arcidiacono"
172,196,256,4,5.7,3.3,0.3,0.3,0.3,1,0.502,0,0.701,"2024-12-16 00:42:44",12.5,"Alaa Abdelnaby"
173,197,267,4,7.7,5.7,1,0.5,0.6,1,0.481,0.305,0.604,"2024-12-16 00:42:44",19.9,"Precious Achiuwa"
174,198,1076,4,19.1,8.1,1.9,0.7,1.1,1.5,0.493,0.32,0.813,"2024-12-16 00:42:44",33.7,"LaMarcus Aldridge"
175,199,323,2,8.4,2.3,2.2,0.7,0.4,1.2,0.413,0.36,0.73,"2024-12-16 00:42:44",19.9,"Nickeil Alexander-Walker"
176,200,711,4,7.5,6,1.2,1,0.6,1.2,0.42,0.332,0.746,"2024-12-16 00:42:44",24.9,"Al-Farouq Aminu"
177,202,1260,3,22.5,6.2,2.7,1,0.5,2.4,0.447,0.355,0.814,"2024-12-16 00:42:44",34.5,"Carmelo Anthony"
178,203,277,1,12.7,4.4,3.9,0.7,0.4,1.9,0.416,0.342,0.846,"2024-12-16 00:42:44",25.1,"Cole Anthony"
179,204,976,1,9.5,1.8,3.9,0.6,0,1.5,0.412,0.381,0.867,"2024-12-16 00:42:44",23.4,"D.J. Augustin"
180,205,7,2,0.3,0.4,0.6,0,0,0,0.167,0,-1,"2024-12-16 00:42:44",2.9,"Joel Ayayi"
181,206,84,5,3,2.8,0.2,0.1,0.4,0.4,0.758,-1,0.444,"2024-12-16 00:42:44",8.6,"Udoka Azubuike"
182,207,207,2,7.3,2.6,1.1,0.5,0.1,0.6,0.402,0.314,0.78,"2024-12-16 00:42:44",19.4,"Dwayne Bacon"
183,208,261,1,11.7,5.6,6.1,1.5,0.6,2.5,0.4,0.364,0.586,"2024-12-16 00:42:44",32,"Lonzo Ball"
184,209,343,5,6.9,5.5,0.9,0.4,1.3,0.8,0.477,0.358,0.68,"2024-12-16 00:42:44",17,"Mo Bamba"
185,210,262,2,17.3,4.3,3.4,1,0.4,1.7,0.467,0.41,0.876,"2024-12-16 00:42:44",28.9,"Desmond Bane"
186,211,172,1,6.6,2.3,1.9,0.6,0.3,1.1,0.412,0.306,0.715,"2024-12-16 00:42:44",14,"Dalano Banton"
187,212,936,4,14,4.8,1.8,0.7,0.2,1.2,0.457,0.381,0.81,"2024-12-16 00:42:44",31.5,"Harrison Barnes"
188,213,352,2,18.8,5.5,3.1,0.7,0.3,2.2,0.437,0.346,0.711,"2024-12-16 00:42:44",33.3,"RJ Barrett"
189,214,679,2,11.2,4.1,2.7,0.7,0.4,1.4,0.43,0.355,0.787,"2024-12-16 00:42:44",25.2,"Will Barton"
190,215,93,5,4.3,4.2,0.9,0.4,0.9,0.8,0.638,0.231,0.618,"2024-12-16 00:42:44",11.3,"Charles Bassey"
